epoch,time,train/box_loss,train/pose_loss,train/kobj_loss,train/cls_loss,train/dfl_loss,metrics/precision(B),metrics/recall(B),metrics/mAP50(B),metrics/mAP50-95(B),metrics/precision(P),metrics/recall(P),metrics/mAP50(P),metrics/mAP50-95(P),val/box_loss,val/pose_loss,val/kobj_loss,val/cls_loss,val/dfl_loss,lr/pg0,lr/pg1,lr/pg2
1,25.7736,1.51614,6.54409,0.72102,1.50521,1.53919,0.00129,0.29545,0.00078,0.00021,0,0,0,0,3.95319,11.8411,8.6439,inf,55.3289,0.000657407,0.000657407,0.000657407
2,50.7663,1.48854,4.83615,0.53785,1.07846,1.46658,0.7,0.31818,0.34381,0.159,0.03745,0.15909,0.01263,0.0017,2.21623,7.00099,0.26824,20.6707,2.65601,0.00131534,0.00131534,0.00131534
3,76.2622,1.49814,4.68878,0.48007,0.98911,1.43137,0.71075,0.68182,0.74323,0.45309,0.2551,0.36364,0.17354,0.03801,1.51406,4.98927,0.22683,5.08278,2.01277,0.00196446,0.00196446,0.00196446
4,104.404,1.55938,4.59784,0.48399,1.01892,1.47101,0.68666,0.86364,0.73747,0.42325,0.61803,0.75,0.55773,0.1349,1.36127,3.93449,0.19949,3.24873,1.68036,0.0019604,0.0019604,0.0019604
5,133.563,1.4582,4.41702,0.4619,0.93485,1.40596,0.9449,0.90909,0.88391,0.58156,0.76491,0.65909,0.56849,0.2012,1.34875,3.95043,0.20021,1.14411,1.55911,0.0019472,0.0019472,0.0019472
6,160.035,1.39021,3.80378,0.43176,0.8338,1.36823,0.90956,0.68577,0.84922,0.53835,0.67172,0.51171,0.48766,0.24521,1.38995,3.74859,0.19763,1.1706,1.58403,0.001934,0.001934,0.001934
7,184.51,1.40214,3.85712,0.44225,0.88548,1.40858,0.93437,0.93182,0.8971,0.60537,0.78624,0.79545,0.72169,0.31509,1.16519,3.28225,0.20025,1.456,1.42165,0.0019208,0.0019208,0.0019208
8,209.941,1.36152,3.45948,0.43663,0.8485,1.34783,0.95412,0.94531,0.95036,0.6413,0.8166,0.8097,0.73319,0.38577,1.12324,2.72782,0.19664,0.6794,1.41836,0.0019076,0.0019076,0.0019076
9,234.854,1.34682,3.56654,0.43034,0.75541,1.34906,0.94599,0.95455,0.95027,0.68406,0.85804,0.82434,0.81118,0.34132,1.09586,2.94303,0.20327,0.59791,1.34489,0.0018944,0.0018944,0.0018944
10,260.19,1.27751,3.35941,0.40989,0.75747,1.29048,0.95282,0.95455,0.92164,0.63212,0.72593,0.72727,0.55219,0.26058,1.13388,3.14939,0.17948,0.60068,1.39679,0.0018812,0.0018812,0.0018812
11,285.811,1.32199,3.21555,0.41725,0.74927,1.34049,0.96349,0.95455,0.95042,0.59423,0.79429,0.75,0.68631,0.27867,1.34089,3.06688,0.19376,0.90587,1.49268,0.001868,0.001868,0.001868
12,312.203,1.26215,3.2278,0.41969,0.7434,1.28228,0.94626,0.95455,0.94237,0.62575,0.84016,0.84091,0.80165,0.3815,1.15446,2.5556,0.1776,0.6666,1.43146,0.0018548,0.0018548,0.0018548
13,338.558,1.29006,3.22369,0.41556,0.75766,1.305,0.95316,0.95455,0.93105,0.61645,0.7774,0.75,0.67043,0.35164,1.22615,2.93838,0.17173,0.63084,1.41504,0.0018416,0.0018416,0.0018416
14,364.919,1.227,3.06129,0.39387,0.68703,1.25239,0.94947,0.95455,0.93929,0.64362,0.80832,0.77273,0.76216,0.35201,1.15488,2.87366,0.1934,0.71273,1.39095,0.0018284,0.0018284,0.0018284
15,391.557,1.24098,3.03722,0.40955,0.71401,1.29889,0.95267,0.95455,0.92077,0.65325,0.86185,0.86364,0.82019,0.46547,1.06466,2.34902,0.1725,0.5671,1.31391,0.0018152,0.0018152,0.0018152
16,418.053,1.20014,2.86451,0.39326,0.67657,1.24949,0.9503,0.95455,0.94279,0.63015,0.79175,0.79545,0.71449,0.33382,1.11204,3.07171,0.18194,0.60637,1.38494,0.001802,0.001802,0.001802
17,444.458,1.16334,2.85952,0.38172,0.65826,1.21434,0.95133,0.95455,0.95111,0.67097,0.90747,0.90909,0.90248,0.49658,1.08554,2.2402,0.1907,0.61808,1.32315,0.0017888,0.0017888,0.0017888
18,471.156,1.15358,2.92897,0.38727,0.65987,1.22024,0.95235,0.95455,0.92362,0.63976,0.86117,0.86364,0.81117,0.44678,1.17876,2.62118,0.17591,0.69646,1.37742,0.0017756,0.0017756,0.0017756
19,497.936,1.20385,2.76619,0.39308,0.66163,1.25264,0.95253,0.95455,0.94828,0.68722,0.88614,0.88636,0.87798,0.44053,1.06867,2.51524,0.17469,0.53479,1.34441,0.0017624,0.0017624,0.0017624
20,524.426,1.1555,2.87131,0.37496,0.65811,1.21746,0.95262,0.95455,0.93104,0.66791,0.88458,0.88636,0.8337,0.43358,1.03496,2.42622,0.17446,0.55544,1.2979,0.0017492,0.0017492,0.0017492
21,550.917,1.12035,2.8245,0.39009,0.65893,1.19991,0.95361,0.95455,0.95389,0.66175,0.84002,0.84091,0.81351,0.48636,1.08351,2.30952,0.17086,0.56838,1.30328,0.001736,0.001736,0.001736
22,577.403,1.15411,2.78817,0.38884,0.63698,1.21843,0.95291,0.95455,0.93394,0.65365,0.88544,0.88636,0.85667,0.49256,1.10749,2.20979,0.171,0.53219,1.34527,0.0017228,0.0017228,0.0017228
23,603.955,1.15913,2.52821,0.37484,0.64119,1.21997,0.94934,0.95455,0.95362,0.68872,0.85978,0.8362,0.8323,0.46067,1.03511,2.34188,0.17161,0.65588,1.25856,0.0017096,0.0017096,0.0017096
24,630.418,1.14818,2.69621,0.37992,0.65208,1.20394,0.93227,0.95455,0.95592,0.69771,0.82185,0.84091,0.82696,0.54192,0.9937,2.0118,0.17266,0.49241,1.24891,0.0016964,0.0016964,0.0016964
25,657.087,1.07698,2.50066,0.34815,0.61221,1.17351,0.94972,0.95455,0.95215,0.65691,0.88177,0.88636,0.88359,0.5007,1.13493,2.02271,0.15927,0.60578,1.36513,0.0016832,0.0016832,0.0016832
26,683.937,1.07801,2.59526,0.33489,0.61345,1.17921,0.95295,0.95455,0.94721,0.70808,0.90757,0.90909,0.89665,0.52018,0.98976,1.89237,0.15959,0.50632,1.25435,0.00167,0.00167,0.00167
27,711.222,1.09583,2.35602,0.33254,0.64314,1.18935,0.9529,0.95455,0.94006,0.66249,0.90831,0.90909,0.88672,0.46117,1.09581,2.16839,0.16182,0.60118,1.32671,0.0016568,0.0016568,0.0016568
28,738.312,1.08213,2.40192,0.33416,0.60287,1.18126,0.91049,0.95455,0.95202,0.66685,0.893,0.84091,0.88059,0.49042,1.12444,2.23958,0.16713,0.53686,1.31834,0.0016436,0.0016436,0.0016436
29,764.831,1.08546,2.38746,0.33187,0.61388,1.15859,0.95282,0.95455,0.94427,0.69758,0.88473,0.88636,0.8749,0.5798,0.95688,1.99533,0.19452,0.50014,1.21171,0.0016304,0.0016304,0.0016304
30,791.501,1.08079,2.53225,0.34947,0.6055,1.17175,0.95254,0.95455,0.94641,0.715,0.86307,0.86364,0.85409,0.54197,0.97647,2.12889,0.15955,0.50965,1.20865,0.0016172,0.0016172,0.0016172
31,818.224,1.03236,2.34189,0.33621,0.58258,1.16135,0.95225,0.95455,0.96096,0.714,0.92958,0.93182,0.93663,0.58257,0.99365,1.97897,0.15781,0.47827,1.2412,0.001604,0.001604,0.001604
32,845.02,1.00803,2.20885,0.31466,0.55975,1.13377,0.95359,0.95455,0.96129,0.70653,0.90818,0.90909,0.90053,0.5501,1.04283,1.98044,0.15776,0.49716,1.29921,0.0015908,0.0015908,0.0015908
33,871.504,1.00009,2.24135,0.31922,0.55837,1.13525,0.95004,0.95455,0.94823,0.68664,0.92742,0.93182,0.92343,0.56095,1.0563,1.97926,0.16424,0.52767,1.33874,0.0015776,0.0015776,0.0015776
34,898.058,1.07833,2.34273,0.33066,0.59494,1.1898,0.95307,0.95455,0.94088,0.70443,0.90769,0.90909,0.87769,0.5168,1.0227,1.97431,0.17622,0.4893,1.26276,0.0015644,0.0015644,0.0015644
35,924.77,1.02221,2.30502,0.29717,0.56519,1.13326,0.95293,0.95455,0.95257,0.71017,0.90756,0.90909,0.88542,0.53012,1.06412,2.08333,0.16033,0.49452,1.31196,0.0015512,0.0015512,0.0015512
36,951.373,1.02042,2.24658,0.30782,0.55626,1.15395,0.93184,0.95455,0.94644,0.67868,0.88747,0.90909,0.88171,0.48351,1.05333,1.92183,0.16736,0.52758,1.29674,0.001538,0.001538,0.001538
37,977.941,1.01865,2.35293,0.31957,0.58154,1.14156,0.95245,0.95455,0.94038,0.68644,0.92977,0.93182,0.90155,0.5706,1.07586,1.88332,0.15602,0.50131,1.29072,0.0015248,0.0015248,0.0015248
38,1004.43,1.01629,2.21796,0.31882,0.56259,1.14596,0.95277,0.95455,0.9609,0.69094,0.90735,0.90909,0.90715,0.56118,1.05141,1.95524,0.15808,0.54454,1.25991,0.0015116,0.0015116,0.0015116
39,1030.96,1.00781,2.08277,0.30445,0.53026,1.12882,0.9442,0.95455,0.95454,0.69399,0.89924,0.90909,0.89203,0.54873,1.04895,1.9661,0.16179,0.53817,1.32585,0.0014984,0.0014984,0.0014984
40,1057.53,0.97003,2.12909,0.30953,0.53076,1.13833,0.95279,0.95455,0.9537,0.7501,0.9301,0.93182,0.92305,0.57657,0.92736,1.86744,0.15136,0.48306,1.17204,0.0014852,0.0014852,0.0014852
41,1084.13,0.97724,2.17445,0.32373,0.55217,1.12018,0.95271,0.95455,0.94986,0.70912,0.93003,0.93182,0.91734,0.57763,1.00703,1.80892,0.15175,0.48862,1.27661,0.001472,0.001472,0.001472
42,1110.68,0.9725,2.02099,0.30824,0.55232,1.09723,0.95302,0.95455,0.94511,0.70966,0.88495,0.88636,0.85348,0.55222,1.03156,1.99488,0.15272,0.48773,1.2869,0.0014588,0.0014588,0.0014588
43,1137.12,0.92685,2.07869,0.28455,0.5202,1.08019,0.95263,0.95455,0.94818,0.71621,0.86883,0.86364,0.84771,0.52804,1.00727,2.04969,0.15454,0.50526,1.28189,0.0014456,0.0014456,0.0014456
44,1163.63,0.93887,2.01359,0.29715,0.53298,1.13252,0.95394,0.95455,0.96749,0.74775,0.8858,0.88636,0.89718,0.62014,0.98059,1.82979,0.15521,0.47336,1.24757,0.0014324,0.0014324,0.0014324
45,1191.08,0.95193,1.92404,0.27786,0.5322,1.10147,0.95007,0.95455,0.95297,0.71809,0.90589,0.90909,0.89643,0.55051,1.02458,1.99972,0.14473,0.49082,1.27888,0.0014192,0.0014192,0.0014192
46,1217.65,0.9176,2.13231,0.29348,0.52099,1.1031,0.95192,0.95455,0.96566,0.73722,0.92893,0.93182,0.93399,0.62764,0.97274,1.79434,0.15464,0.51162,1.2045,0.001406,0.001406,0.001406
47,1244.4,0.95926,2.08046,0.29454,0.52831,1.12275,0.94314,0.95455,0.95259,0.7138,0.91944,0.93182,0.91928,0.55921,0.96935,1.9156,0.17271,0.5043,1.25071,0.0013928,0.0013928,0.0013928
48,1270.89,0.95417,2.06744,0.29319,0.53181,1.1115,0.96597,0.95455,0.96409,0.73244,0.9425,0.93182,0.93632,0.61959,1.01395,1.75696,0.14593,0.45244,1.26908,0.0013796,0.0013796,0.0013796
49,1297.37,0.946,2.05632,0.2897,0.52153,1.11012,0.95305,0.95455,0.94544,0.71792,0.88498,0.88636,0.86722,0.59319,1.01401,1.8019,0.14791,0.45926,1.29342,0.0013664,0.0013664,0.0013664
50,1323.42,0.95373,1.97752,0.28574,0.5285,1.10855,0.95319,0.95455,0.9655,0.74631,0.9305,0.93182,0.94098,0.63179,0.96585,1.65061,0.15837,0.44844,1.23079,0.0013532,0.0013532,0.0013532
51,1349.95,0.90324,1.93496,0.27336,0.49819,1.07235,0.95254,0.95455,0.95411,0.70043,0.8845,0.88636,0.88792,0.57657,0.99989,2.16301,0.15132,0.49844,1.21791,0.00134,0.00134,0.00134
52,1376.48,0.89963,1.83883,0.27071,0.49872,1.07973,0.95427,0.94869,0.96894,0.74287,0.93145,0.92653,0.9395,0.6754,0.97692,1.72577,0.15421,0.48434,1.2128,0.0013268,0.0013268,0.0013268
53,1403.02,0.93824,1.91055,0.28306,0.50175,1.09639,0.9531,0.95455,0.96235,0.7539,0.93041,0.93182,0.93576,0.62504,0.95133,1.79567,0.13843,0.45961,1.19878,0.0013136,0.0013136,0.0013136
54,1429.55,0.92242,2.01514,0.29172,0.50862,1.09083,0.97612,0.93182,0.96675,0.73137,0.90769,0.90909,0.9025,0.60241,0.97774,1.75221,0.16184,0.45472,1.20828,0.0013004,0.0013004,0.0013004
55,1455.94,0.88515,1.92535,0.26639,0.47726,1.09052,0.95252,0.95455,0.95926,0.71294,0.92984,0.93182,0.92542,0.57855,1.00166,1.77274,0.15095,0.45515,1.25686,0.0012872,0.0012872,0.0012872
56,1482.48,0.90492,2.01115,0.28031,0.50426,1.07809,0.94849,0.95455,0.95094,0.73386,0.90321,0.90909,0.89957,0.65502,0.94255,1.69905,0.15171,0.4586,1.22627,0.001274,0.001274,0.001274
57,1509.01,0.89007,1.83291,0.27032,0.49805,1.07622,0.95273,0.95455,0.95537,0.72809,0.93004,0.93182,0.92448,0.57106,0.97669,1.83877,0.14713,0.45052,1.20761,0.0012608,0.0012608,0.0012608
58,1535.5,0.91199,1.95434,0.26793,0.51868,1.08065,0.95199,0.95455,0.9655,0.73006,0.92926,0.93182,0.93415,0.64992,0.95281,1.56244,0.15049,0.47161,1.22346,0.0012476,0.0012476,0.0012476
59,1561.98,0.86643,1.87,0.27596,0.49874,1.07496,0.95208,0.95455,0.95984,0.75544,0.92941,0.93182,0.92468,0.63672,0.95173,1.65792,0.16639,0.44875,1.20311,0.0012344,0.0012344,0.0012344
60,1588.49,0.88377,1.85761,0.27357,0.50118,1.07355,0.95327,0.95455,0.94657,0.71832,0.88486,0.88636,0.85737,0.59478,0.97647,1.87177,0.14989,0.46863,1.27278,0.0012212,0.0012212,0.0012212
61,1614.95,0.86707,1.84284,0.27016,0.48291,1.06393,0.95084,0.95455,0.94259,0.71651,0.92809,0.93182,0.90563,0.58111,0.93054,1.75365,0.14665,0.45809,1.17652,0.001208,0.001208,0.001208
62,1641.79,0.85247,1.76036,0.26952,0.49091,1.0587,0.95319,0.95455,0.95777,0.72809,0.93046,0.93182,0.92766,0.63409,0.9831,1.55399,0.14367,0.4515,1.22892,0.0011948,0.0011948,0.0011948
63,1668.3,0.822,1.79031,0.25662,0.46786,1.04672,0.95325,0.95455,0.96219,0.74849,0.90775,0.90909,0.9032,0.65891,0.93002,1.68877,0.15453,0.45486,1.18508,0.0011816,0.0011816,0.0011816
64,1694.92,0.81389,1.78728,0.2556,0.46067,1.03365,0.95278,0.95455,0.9712,0.75897,0.93005,0.93182,0.94268,0.65226,0.91755,1.64976,0.1589,0.45446,1.21038,0.0011684,0.0011684,0.0011684
65,1721.89,0.83807,1.75709,0.25444,0.48085,1.04328,0.9531,0.95455,0.9705,0.72632,0.93041,0.93182,0.94463,0.65799,1.03333,1.63651,0.15353,0.46758,1.31026,0.0011552,0.0011552,0.0011552
66,1749.22,0.85635,1.70705,0.25312,0.48305,1.04602,0.95321,0.95455,0.94993,0.71184,0.93048,0.93182,0.9177,0.63189,0.98449,1.61963,0.14847,0.46512,1.25494,0.001142,0.001142,0.001142
67,1775.74,0.82019,1.69852,0.26216,0.46897,1.04241,0.93213,0.95455,0.9634,0.72217,0.90985,0.93182,0.93386,0.64717,1.01013,1.5819,0.14868,0.44819,1.3119,0.0011288,0.0011288,0.0011288
68,1802.46,0.80181,1.71764,0.26024,0.45328,1.03963,0.95427,0.94869,0.96834,0.74787,0.93147,0.92685,0.95205,0.70154,1.0178,1.53944,0.14498,0.44559,1.32181,0.0011156,0.0011156,0.0011156
69,1829.68,0.80956,1.73296,0.26058,0.47117,1.0302,0.94729,0.95455,0.96255,0.71976,0.94008,0.93182,0.94707,0.66966,1.06541,1.6247,0.1561,0.50795,1.35052,0.0011024,0.0011024,0.0011024
70,1856.28,0.78723,1.68011,0.2518,0.45809,1.02739,0.95193,0.95455,0.94509,0.69186,0.9061,0.90909,0.87621,0.60201,1.0206,1.59988,0.14818,0.45331,1.28183,0.0010892,0.0010892,0.0010892
71,1882.79,0.81402,1.82164,0.24259,0.47274,1.0328,0.93199,0.95455,0.96717,0.71578,0.88758,0.90909,0.91435,0.65315,1.01845,1.57709,0.15926,0.46908,1.27772,0.001076,0.001076,0.001076
72,1909.34,0.82968,1.67598,0.25709,0.4739,1.04374,0.95372,0.95455,0.9671,0.71381,0.93097,0.93182,0.93318,0.63743,0.99384,1.61853,0.1505,0.4487,1.27457,0.0010628,0.0010628,0.0010628
73,1935.82,0.76708,1.57951,0.25654,0.4327,1.02297,0.95315,0.95455,0.96734,0.74551,0.90773,0.90909,0.90203,0.65103,0.99704,1.55014,0.14904,0.45158,1.28106,0.0010496,0.0010496,0.0010496
74,1962.43,0.78155,1.59666,0.25575,0.44065,1.03767,0.96146,0.95455,0.96124,0.73403,0.93857,0.93182,0.93658,0.64945,0.97047,1.53891,0.14771,0.43698,1.28607,0.0010364,0.0010364,0.0010364
75,1989.15,0.76448,1.66853,0.246,0.4418,1.01234,0.93171,0.95455,0.94616,0.72512,0.90929,0.93182,0.9252,0.64362,0.9784,1.61098,0.18178,0.45687,1.25547,0.0010232,0.0010232,0.0010232
76,2016,0.78965,1.59777,0.25099,0.45628,1.02827,0.95168,0.95455,0.96226,0.73904,0.92902,0.93182,0.93739,0.65586,0.98692,1.59784,0.13993,0.42788,1.27367,0.00101,0.00101,0.00101
77,2042.48,0.76257,1.71088,0.25433,0.44634,1.00564,0.95315,0.95455,0.95249,0.73593,0.93046,0.93182,0.92067,0.63086,0.93886,1.47723,0.13923,0.41433,1.22244,0.0009968,0.0009968,0.0009968
78,2068.99,0.76375,1.67094,0.2333,0.44659,1.02658,0.93193,0.95455,0.96048,0.73846,0.90974,0.93182,0.92188,0.62033,0.9658,1.67696,0.14918,0.44313,1.2392,0.0009836,0.0009836,0.0009836
79,2095.59,0.75843,1.61987,0.23322,0.45145,1.01667,0.95305,0.95455,0.96386,0.72775,0.93036,0.93182,0.93156,0.64197,0.97052,1.65551,0.14745,0.4378,1.24739,0.0009704,0.0009704,0.0009704
80,2122.06,0.76004,1.60813,0.25335,0.4483,1.01166,0.95312,0.95455,0.96199,0.72144,0.9304,0.93182,0.92838,0.61816,0.98661,1.60074,0.15024,0.4466,1.25613,0.0009572,0.0009572,0.0009572
81,2149.08,0.77365,1.60181,0.22538,0.45204,1.0226,0.95324,0.95455,0.95846,0.71961,0.93054,0.93182,0.93129,0.65219,0.98954,1.5928,0.15234,0.44618,1.29202,0.000944,0.000944,0.000944
82,2175.68,0.75009,1.64218,0.2574,0.43307,0.99688,0.9531,0.95455,0.95741,0.73361,0.93041,0.93182,0.92314,0.65752,0.99076,1.57101,0.14261,0.43188,1.32299,0.0009308,0.0009308,0.0009308
83,2202.33,0.71559,1.45191,0.22856,0.408,0.98782,0.95322,0.95455,0.9451,0.72797,0.93053,0.93182,0.91273,0.66546,0.94159,1.56589,0.14845,0.45651,1.24033,0.0009176,0.0009176,0.0009176
84,2229.24,0.75632,1.55143,0.25546,0.43982,1.01626,0.95356,0.95455,0.95901,0.73953,0.93081,0.93182,0.92432,0.67186,1.01413,1.58949,0.14821,0.45136,1.28847,0.0009044,0.0009044,0.0009044
85,2255.78,0.73512,1.51963,0.22922,0.43381,0.99942,0.95383,0.95455,0.96094,0.74173,0.93107,0.93182,0.92972,0.64196,0.98662,1.57422,0.14207,0.42992,1.31648,0.0008912,0.0008912,0.0008912
86,2282.39,0.74221,1.46918,0.2382,0.43378,1.01373,0.95351,0.95455,0.96206,0.73737,0.93076,0.93182,0.93417,0.6317,0.96875,1.57595,0.16776,0.42277,1.24836,0.000878,0.000878,0.000878
87,2308.94,0.72308,1.58011,0.24923,0.41933,1.00724,0.95331,0.95455,0.95425,0.71789,0.93057,0.93182,0.91727,0.62064,0.98874,1.6216,0.15374,0.44911,1.24592,0.0008648,0.0008648,0.0008648
88,2335.45,0.71252,1.35642,0.22984,0.41332,0.99584,0.95448,0.95314,0.96045,0.7312,0.93172,0.93045,0.91927,0.67606,0.96353,1.46891,0.1521,0.49093,1.25459,0.0008516,0.0008516,0.0008516
89,2361.96,0.71427,1.52932,0.23459,0.41537,0.98501,0.93206,0.95455,0.93491,0.70656,0.90984,0.93182,0.8989,0.63858,0.99358,1.58345,0.15294,0.45955,1.31508,0.0008384,0.0008384,0.0008384
90,2388.43,0.70926,1.49734,0.21907,0.41604,0.98289,0.93214,0.95455,0.94024,0.73138,0.90995,0.93182,0.90832,0.63351,0.9216,1.58619,0.1545,0.45653,1.26681,0.0008252,0.0008252,0.0008252
91,2414.93,0.71812,1.52141,0.23777,0.42427,1.01049,0.95315,0.95455,0.9572,0.75147,0.9287,0.90909,0.89608,0.62581,0.93567,1.66509,0.15064,0.42313,1.24264,0.000812,0.000812,0.000812
92,2441.57,0.68997,1.38319,0.22423,0.40673,0.97946,0.95325,0.95455,0.95953,0.7425,0.93052,0.93182,0.91809,0.63208,0.92581,1.57728,0.15658,0.42501,1.22253,0.0007988,0.0007988,0.0007988
93,2468.13,0.68175,1.46436,0.24091,0.39693,0.9741,0.95324,0.95455,0.96561,0.75178,0.93054,0.93182,0.92897,0.65933,0.94681,1.56027,0.15706,0.40545,1.27531,0.0007856,0.0007856,0.0007856
94,2494.55,0.67665,1.49549,0.23937,0.40295,0.98193,0.95344,0.95455,0.96924,0.75424,0.908,0.90909,0.90467,0.64511,0.95656,1.59459,0.15794,0.4365,1.2603,0.0007724,0.0007724,0.0007724
95,2520.92,0.68229,1.4794,0.22216,0.39615,0.98113,0.95331,0.95455,0.95758,0.73151,0.93062,0.93182,0.92255,0.64502,0.96053,1.5754,0.15654,0.43952,1.3088,0.0007592,0.0007592,0.0007592
96,2547.41,0.67289,1.37443,0.22136,0.4123,0.97649,0.94752,0.95455,0.96064,0.73046,0.92496,0.93182,0.93783,0.64142,0.97341,1.65529,0.15125,0.46249,1.30211,0.000746,0.000746,0.000746
97,2573.45,0.66334,1.26543,0.21173,0.40934,0.96592,0.95328,0.95455,0.95991,0.71859,0.93058,0.93182,0.92361,0.63477,1.01406,1.63365,0.15763,0.468,1.31759,0.0007328,0.0007328,0.0007328
98,2597.63,0.64447,1.35814,0.22799,0.38883,0.95251,0.95321,0.95455,0.96582,0.73957,0.93051,0.93182,0.92866,0.63906,0.99411,1.64191,0.14963,0.41085,1.33052,0.0007196,0.0007196,0.0007196
99,2621.89,0.6912,1.40539,0.22362,0.39994,0.97966,0.93272,0.95455,0.95644,0.72804,0.88818,0.90909,0.86429,0.60712,0.96452,1.65125,0.1558,0.43046,1.27828,0.0007064,0.0007064,0.0007064
100,2646.09,0.66661,1.29171,0.21103,0.39515,0.97499,0.93171,0.95455,0.9604,0.72899,0.90952,0.93182,0.93372,0.64503,0.99975,1.5739,0.16118,0.45213,1.29847,0.0006932,0.0006932,0.0006932
101,2670.39,0.64285,1.34276,0.21227,0.39051,0.96945,0.93142,0.95455,0.9631,0.74545,0.90925,0.93182,0.93392,0.65744,0.99794,1.52837,0.14655,0.47462,1.30353,0.00068,0.00068,0.00068
102,2694.62,0.65369,1.33961,0.21359,0.39598,0.97782,0.95272,0.95455,0.94641,0.713,0.93003,0.93182,0.91426,0.62828,0.9768,1.64356,0.14971,0.46914,1.27857,0.0006668,0.0006668,0.0006668
103,2718.76,0.6709,1.33196,0.22971,0.39445,0.98684,0.92364,0.95455,0.95134,0.7282,0.90165,0.93182,0.92781,0.64223,1.00487,1.53265,0.15393,0.46774,1.30761,0.0006536,0.0006536,0.0006536
104,2743.03,0.64843,1.25155,0.21384,0.38656,0.95902,0.93332,0.95432,0.96275,0.73459,0.9111,0.93165,0.94052,0.65722,1.02651,1.48857,0.16068,0.4797,1.33853,0.0006404,0.0006404,0.0006404
105,2767.28,0.63408,1.33977,0.22552,0.37186,0.96071,0.94964,0.93182,0.9648,0.74735,0.9065,0.93182,0.93083,0.65169,0.98425,1.48261,0.1568,0.47438,1.2784,0.0006272,0.0006272,0.0006272
106,2791.52,0.64039,1.3108,0.20918,0.37235,0.96409,0.95258,0.95455,0.96639,0.74053,0.9299,0.93182,0.93454,0.65708,1.01471,1.58528,0.15533,0.46783,1.31906,0.000614,0.000614,0.000614
107,2815.71,0.65615,1.31578,0.22359,0.39306,0.95837,0.95289,0.95455,0.96337,0.74819,0.93021,0.93182,0.92891,0.63062,0.96405,1.4841,0.15681,0.43168,1.25242,0.0006008,0.0006008,0.0006008
108,2839.86,0.61799,1.33024,0.21795,0.36511,0.94928,0.95345,0.95455,0.96153,0.73294,0.93075,0.93182,0.92335,0.63121,1.00821,1.60835,0.1564,0.46295,1.28828,0.0005876,0.0005876,0.0005876
109,2864.05,0.60651,1.33279,0.20124,0.3708,0.94285,0.95364,0.95455,0.96412,0.73072,0.93094,0.93182,0.92792,0.63217,1.03043,1.56635,0.14987,0.43454,1.29947,0.0005744,0.0005744,0.0005744
110,2888.53,0.6212,1.33212,0.22317,0.38339,0.96774,0.93235,0.95455,0.95698,0.73881,0.91012,0.93182,0.91843,0.64366,1.01761,1.61916,0.15342,0.46084,1.31145,0.0005612,0.0005612,0.0005612
111,2913.17,0.59745,1.21436,0.20546,0.36104,0.93868,0.95399,0.95455,0.95639,0.75372,0.93123,0.93182,0.91454,0.61788,0.95446,1.61482,0.16893,0.44521,1.27038,0.000548,0.000548,0.000548
112,2937.39,0.59071,1.27874,0.20084,0.35886,0.93507,0.95362,0.95455,0.96374,0.7604,0.93088,0.93182,0.92933,0.64085,0.96088,1.59291,0.16464,0.47157,1.25075,0.0005348,0.0005348,0.0005348
113,2961.59,0.59833,1.27998,0.21194,0.37524,0.94112,0.95327,0.95455,0.96718,0.7617,0.90788,0.90909,0.89409,0.67138,0.93362,1.57561,0.16444,0.42896,1.25328,0.0005216,0.0005216,0.0005216
114,2985.8,0.59883,1.2301,0.21016,0.36408,0.94965,0.95295,0.95455,0.95145,0.72732,0.93023,0.93182,0.92671,0.62998,0.98846,1.53273,0.14651,0.4463,1.28128,0.0005084,0.0005084,0.0005084
115,3009.93,0.55998,1.21234,0.21522,0.34192,0.92948,0.95309,0.95455,0.9571,0.74306,0.9304,0.93182,0.94171,0.66021,0.96572,1.4186,0.15443,0.45702,1.25486,0.0004952,0.0004952,0.0004952
116,3034.02,0.57992,1.24413,0.19501,0.36098,0.93329,0.95327,0.95455,0.95973,0.72328,0.93057,0.93182,0.93566,0.67866,1.03818,1.49593,0.15909,0.44976,1.336,0.000482,0.000482,0.000482
117,3058.19,0.57214,1.25022,0.21208,0.35074,0.93263,0.95346,0.95455,0.96276,0.75052,0.93076,0.93182,0.9369,0.68525,0.97327,1.49608,0.16753,0.43285,1.26811,0.0004688,0.0004688,0.0004688
118,3082.39,0.58968,1.17782,0.21147,0.36022,0.94845,0.95323,0.95455,0.96782,0.74232,0.93053,0.93182,0.94757,0.69495,0.98306,1.53033,0.15685,0.42934,1.29824,0.0004556,0.0004556,0.0004556
119,3106.6,0.57619,1.23361,0.20071,0.35006,0.93524,0.95286,0.95455,0.95589,0.74813,0.93017,0.93182,0.92619,0.64963,0.98889,1.53132,0.1495,0.42734,1.31039,0.0004424,0.0004424,0.0004424
120,3130.91,0.5716,1.2352,0.21741,0.3556,0.93909,0.93214,0.95455,0.9526,0.73025,0.90995,0.93182,0.92602,0.66175,0.98511,1.5245,0.15953,0.46072,1.28149,0.0004292,0.0004292,0.0004292
121,3155.17,0.56869,1.32689,0.18727,0.35616,0.93741,0.95323,0.95455,0.96016,0.7414,0.93053,0.93182,0.93035,0.66061,1.02814,1.54126,0.15553,0.44815,1.36531,0.000416,0.000416,0.000416
122,3179.38,0.55235,1.15333,0.20721,0.33407,0.93193,0.95353,0.95455,0.96255,0.74022,0.9308,0.93182,0.93044,0.66487,1.0219,1.46379,0.15402,0.44412,1.35588,0.0004028,0.0004028,0.0004028
123,3203.63,0.55817,1.20321,0.20755,0.35619,0.94298,0.95301,0.95455,0.95595,0.72406,0.93032,0.93182,0.93595,0.66151,1.02178,1.53061,0.15084,0.45012,1.35952,0.0003896,0.0003896,0.0003896
124,3227.76,0.56584,1.15925,0.20125,0.35538,0.92669,0.95303,0.95455,0.95848,0.74379,0.93034,0.93182,0.93318,0.66475,0.99496,1.55846,0.15773,0.45032,1.3242,0.0003764,0.0003764,0.0003764
125,3252.06,0.55047,1.18639,0.20169,0.33797,0.92834,0.94798,0.95455,0.95522,0.74461,0.92519,0.93182,0.93294,0.64837,1.00808,1.57678,0.15695,0.44798,1.35858,0.0003632,0.0003632,0.0003632
126,3276.45,0.55323,1.10869,0.18649,0.35479,0.93277,0.94269,0.95455,0.95994,0.72874,0.91997,0.93182,0.93522,0.63827,1.00647,1.56199,0.15625,0.45537,1.35364,0.00035,0.00035,0.00035
127,3300.76,0.5519,1.19845,0.19958,0.34658,0.94149,0.93333,0.95443,0.9593,0.73927,0.91111,0.93178,0.94107,0.63848,1.00978,1.48836,0.15704,0.45653,1.34933,0.0003368,0.0003368,0.0003368
128,3324.99,0.54518,1.14099,0.20748,0.34386,0.93948,0.93329,0.9539,0.95921,0.73788,0.91106,0.93122,0.93692,0.65611,1.02179,1.51735,0.15116,0.45814,1.37952,0.0003236,0.0003236,0.0003236
129,3349.2,0.54347,0.97307,0.19268,0.33923,0.92383,0.93212,0.95455,0.96464,0.73362,0.9099,0.93182,0.9488,0.65845,1.02409,1.55867,0.16337,0.47114,1.36666,0.0003104,0.0003104,0.0003104
130,3373.29,0.56894,1.19751,0.19105,0.34404,0.94047,0.93204,0.95455,0.96485,0.73151,0.90985,0.93182,0.94604,0.65878,1.02946,1.53578,0.16172,0.45768,1.36294,0.0002972,0.0002972,0.0002972
131,3397.46,0.54252,1.23578,0.20077,0.34206,0.92085,0.95063,0.95455,0.95376,0.72053,0.92779,0.93182,0.93046,0.64413,1.02459,1.52739,0.15579,0.45904,1.38007,0.000284,0.000284,0.000284
132,3421.72,0.51393,1.14299,0.20359,0.32729,0.91479,0.95337,0.95455,0.95357,0.72428,0.93064,0.93182,0.93801,0.64042,0.97767,1.52122,0.15639,0.45626,1.32712,0.0002708,0.0002708,0.0002708
133,3445.98,0.51233,1.17314,0.20087,0.32693,0.91755,0.93196,0.95455,0.95822,0.71603,0.90977,0.93182,0.9305,0.62581,1.01739,1.53048,0.15729,0.4506,1.36152,0.0002576,0.0002576,0.0002576
134,3470.19,0.51261,1.08241,0.20205,0.32837,0.90578,0.93752,0.95455,0.96039,0.71917,0.91318,0.93182,0.92375,0.62284,1.03807,1.51957,0.16123,0.4642,1.39693,0.0002444,0.0002444,0.0002444
135,3494.31,0.50611,1.09219,0.1943,0.32218,0.91569,0.95431,0.94948,0.96122,0.73813,0.90877,0.9056,0.89774,0.61738,1.02046,1.54538,0.16238,0.45716,1.39748,0.0002312,0.0002312,0.0002312
136,3518.59,0.48464,1.01958,0.19203,0.31089,0.90094,0.93103,0.95455,0.95557,0.71347,0.88649,0.90909,0.90677,0.62263,1.04364,1.61552,0.15966,0.48047,1.40323,0.000218,0.000218,0.000218
137,3543.06,0.49643,1.04734,0.19066,0.32211,0.91563,0.95282,0.95455,0.95694,0.71645,0.93009,0.93182,0.92867,0.6336,1.02502,1.59396,0.15993,0.4523,1.37442,0.0002048,0.0002048,0.0002048
138,3569.17,0.49243,1.04253,0.18565,0.32454,0.90453,0.95315,0.95455,0.95733,0.70552,0.93046,0.93182,0.9182,0.62838,0.99877,1.5775,0.17117,0.46297,1.32746,0.0001916,0.0001916,0.0001916
139,3595.7,0.49673,1.08173,0.18656,0.32342,0.91631,0.95248,0.95455,0.96139,0.72056,0.9298,0.93182,0.92882,0.62241,1.00552,1.5646,0.16904,0.47582,1.33431,0.0001784,0.0001784,0.0001784
140,3622.2,0.50348,1.02984,0.19359,0.32445,0.91396,0.92795,0.95455,0.96224,0.72724,0.88376,0.90909,0.9055,0.62543,1.02664,1.53532,0.16758,0.48483,1.36129,0.0001652,0.0001652,0.0001652
141,3659.87,0.37579,0.67771,0.10364,0.2407,0.86413,0.95048,0.95455,0.96426,0.72577,0.92785,0.93182,0.92779,0.63603,1.02856,1.52561,0.16247,0.46737,1.39117,0.000152,0.000152,0.000152
142,3686.38,0.36077,0.68377,0.10514,0.23179,0.85377,0.93194,0.95455,0.96356,0.73078,0.90976,0.93182,0.92565,0.6361,1.02036,1.55706,0.16303,0.47937,1.36993,0.0001388,0.0001388,0.0001388
143,3712.81,0.34711,0.6737,0.0937,0.23338,0.85212,0.93131,0.95455,0.96189,0.71822,0.90913,0.93182,0.92522,0.61986,1.03943,1.57126,0.16657,0.48798,1.39092,0.0001256,0.0001256,0.0001256
144,3739.3,0.3542,0.66895,0.10657,0.23471,0.85306,0.93068,0.95455,0.96334,0.73224,0.90852,0.93182,0.92809,0.63216,1.02035,1.57716,0.16699,0.47148,1.35867,0.0001124,0.0001124,0.0001124
145,3765.94,0.3471,0.62408,0.09187,0.22684,0.83704,0.92777,0.95455,0.96238,0.73317,0.90568,0.93182,0.93202,0.6463,1.00994,1.59337,0.16811,0.46874,1.36492,9.92e-05,9.92e-05,9.92e-05
146,3792.44,0.33676,0.61721,0.08774,0.22215,0.83919,0.92481,0.95455,0.95966,0.738,0.9026,0.93182,0.93122,0.62139,1.00862,1.6041,0.1673,0.466,1.3631,8.6e-05,8.6e-05,8.6e-05
147,3819.02,0.33439,0.64114,0.09302,0.22464,0.83891,0.9247,0.95455,0.95956,0.74227,0.90269,0.93182,0.93251,0.62665,1.00289,1.59145,0.16879,0.47033,1.37073,7.28e-05,7.28e-05,7.28e-05
148,3845.78,0.32472,0.62717,0.08972,0.21903,0.84174,0.92845,0.95455,0.9601,0.74332,0.90625,0.93182,0.92786,0.61801,1.00757,1.5748,0.16423,0.47667,1.36303,5.96e-05,5.96e-05,5.96e-05
149,3872.6,0.3293,0.61028,0.09631,0.21944,0.84357,0.92907,0.95455,0.96527,0.74732,0.90695,0.93182,0.93631,0.62664,1.02487,1.59222,0.16359,0.47787,1.38114,4.64e-05,4.64e-05,4.64e-05
150,3899.16,0.32867,0.63317,0.09573,0.22112,0.84526,0.92982,0.95455,0.96472,0.73898,0.90768,0.93182,0.93459,0.64051,1.02509,1.56207,0.16516,0.47716,1.37499,3.32e-05,3.32e-05,3.32e-05
